<?xml version="1.0" encoding="UTF-8"?>
<project-private xmlns="http://www.netbeans.org/ns/project-private/1">
    <editor-bookmarks xmlns="http://www.netbeans.org/ns/editor-bookmarks/2" lastBookmarkId="0"/>
    <open-files xmlns="http://www.netbeans.org/ns/projectui-open-files/2">
        <group>
            <file>file:/E:/JavaSearchEngine/src/javasearchengine/objects/Datas.java</file>
            <file>file:/E:/JavaSearchEngine/src/httpwebserver/Main.java</file>
            <file>file:/E:/JavaSearchEngine/src/httpwebserver/server/WebServer.java</file>
            <file>file:/E:/JavaSearchEngine/src/javasearchengine/objects/PageFile.java</file>
            <file>file:/E:/JavaSearchEngine/src/org/jsoup/internal/ConstrainableInputStream.java</file>
            <file>file:/E:/JavaSearchEngine/src/httpwebserver/server/SocketThread.java</file>
        </group>
    </open-files>
</project-private>
